Title,Price,Rating,Brand
Infinix Smart 10 Dual SIM Iris Blue 3+3GB RAM 64GB 4G- Middle East Version,"EGP
5,399",4.5,
Samsung Galaxy A17 Dual SIM 4G Black 6GB RAM 128GB - Middle East Version,"EGP
9,999",4.5,
Infinix Smart 10 Dual SIM Sleek Black 3+3GB RAM 64GB 4G- Middle East Version,"EGP
5,449",4.5,
ITEL A90 Dual SIM Starlit Black 4+8GB RAM 256GB 4G - Middle East Version,"EGP
5,375",4.2,
Samsung Galaxy A07 Dual SIM Black 4GB 128GB 4G - Middle East Version,"EGP
7,704",4.5,
Infinix Smart 10 Dual SIM Twilight Gold 3+3GB RAM 64GB 4G - Middle East Version,"EGP
5,523",4.5,
Infinix Smart 10 Dual SIM 4+4GB+128GB Iris Blue - Middle East Version,"EGP
6,156",4.4,
ITEL A90 Dual SIM Space Titanium 4+8GB RAM 256GB 4G - Middle East Version,"EGP
5,375",4.2,
Samsung Galaxy A07 Dual SIM Light Violet 8GB RAM 256GB 4G - Middle East Version,"EGP
10,192",5.0,
Samsung Galaxy A17 Dual SIM 4G Black 8GB RAM 256GB - Middle East Version,"EGP
11,880",4.5,
vivo V50 Lite AI 5G Dual SIM Gold 12GB RAM 256GB - Middle East Version,"EGP
14,999
16,999
11% OFF",4.3,
Samsung Galaxy A07 Dual SIM Black 6GB Ram 128GB 4G - Middle East Version,"EGP
7,802",4.5,
Samsung Galaxy A17 Dual SIM 4G Gray 4GB RAM 128GB - Middle East Version,"EGP
9,147",4.5,
Infinix Hot 60 Pro Dual SIM Sleek Black 8+8GB RAM 256GB 4G - Middle East Version,"EGP
10,199",4.6,
Honor X6c Dual SIM 4G Ocean Cyan 6GB RAM 128GB - Middle East Version,"EGP
7,270",4.5,
Honor X6c Dual SIM 4G Moonlight White 6GB RAM 256GB - Middle East Version,"EGP
7,920",4.5,
Samsung Galaxy A17 Dual SIM 4G Light Blue 8GB RAM 256GB - Middle East Version,"EGP
11,660",4.5,
Samsung Galaxy A07 Dual SIM Light Violet 4GB 64GB 4G - Middle East Version,"EGP
6,584",4.5,
Infinix Note 50 S Dual SIM Burgundy Red 8GB RAM 256GB 5G - Middle East Version,"EGP
13,599",4.4,
vivo V50 Lite AI 5G Dual SIM Phantom Black 12GB RAM 256GB - Middle East Version,"EGP
14,999
16,999
11% OFF",4.3,
Samsung Galaxy A17 Dual SIM 4G Gray 6GB RAM 128GB - Middle East Version,"EGP
9,999",4.5,
ITEL A90 Dual SIM Aurora Blue 4+8GB RAM 256GB 4G - Middle East Version,"EGP
5,266",4.2,
Samsung Galaxy A07 Dual SIM Green 4GB 128GB 4G - Middle East Version,"EGP
7,704",4.5,
Infinix Note 50 S Dual SIM Marine Drift 16GB RAM(8+8) 256GB 5G - Middle East Version,"EGP
12,999
13,550",4.4,
Samsung Galaxy A07 Dual SIM Black 8GB RAM 256GB 4G- Middle East Version,"EGP
11,099",4.8,
Infinix Smart 10 Dual SIM 4+4GB+128GB Twilight Gold - Middle East Version,"EGP
5,980",4.4,
Samsung Galaxy A17 Dual SIM 4G Light Blue 6GB RAM 128GB - Middle East Version,"EGP
9,650",4.5,
Samsung Galaxy A17 Dual SIM 4G Black 4GB RAM 128GB - Middle East Version,"EGP
9,147",4.5,
Honor X6c Dual SIM 4G Moonlight White 6GB RAM 128GB - Middle East Version,"EGP
7,343",4.5,
HMD Barbie Phone 4G Pink,"EGP
3,159
6,999
54% OFF",4.5,
Samsung Galaxy A07 Dual SIM Light Violet 4GB 128GB 4G - Middle East Version,"EGP
7,704",4.5,
Honor X6c Dual SIM 4G Midnight Black 6GB RAM 256GB - Middle East Version,"EGP
8,499",4.5,
Honor X6c Dual SIM 4G Midnight Black 6GB RAM 128GB - Middle East Version,"EGP
7,300",4.5,
Samsung Galaxy S26 Ultra Dual SIM Cobalt Violet 12GB RAM 256GB 5G - Middle East Version,"EGP
82,999",4.7,
Infinix Smart 10 Dual SIM 3+3GB+ 64 GB Titanium Silver - Middle East Version,"EGP
5,632",4.5,
Realme 14T Dual SIM Obsidian Black 8GB RAM 256GB 5G - Middle East Version,"EGP
12,999
15,199
14% OFF",4.6,
OPPO Reno 15F Dual Sim Aurora blue 12GB RAM 256GB 5G- Middle East Version,"EGP
22,975",4.2,
Samsung Galaxy A07 Dual SIM Black 4GB 64GB 4G - Middle East Version,"EGP
6,510",4.5,
OPPO Reno 15F Dual Sim Twilight blue 12GB RAM 256GB 5G- Middle East Version,"EGP
22,975",4.2,
Infinix Note 50 S Dual SIM Titanium Grey 8GB RAM 256GB 5G - Middle East Version,"EGP
12,999
13,550",4.4,
Honor X6c Dual SIM 4G Ocean Cyan 6GB RAM 256GB - Middle East Version,"EGP
8,310",4.5,
Samsung Galaxy S26 Ultra Dual SIM Sky Blue 12GB RAM 256GB 5G - Middle East Version,"EGP
81,444",4.7,
Infinix Hot 60 Pro+ Dual SIM Sleek Black 8+8GB RAM 256 GB 4G - Middle East Version,"EGP
11,499",4.6,
Samsung Galaxy A17 Dual SIM 4G Gray 8GB RAM 256GB - Middle East Version,"EGP
11,660",4.5,
Honor 400 5G Dual SIM Midnight Black 12GB RAM 256GB - Middle East Version,"EGP
26,361",4.4,
Motorola G35 Dual SIM Leaf Green 8GB RAM 256GB 5G - Middle East Version,"EGP
8,199",4.2,
